episode,reward,length,success_rate,stage,time
0,0,0,0.0,1,0.9568123817443848
1,0,0,0.0,1,0.9781336784362793
2,0,0,0.0,1,0.9844322204589844
3,0,0,0.0,1,1.0144524574279785
4,0,0,0.0,1,1.0344734191894531
5,0,0,0.0,1,1.075556993484497
6,0,0,0.0,1,1.1025078296661377
7,0,0,0.0,1,1.1183972358703613
8,0,0,0.0,1,1.1763014793395996
9,0,0,0.0,1,1.1763074398040771
10,0,0,0.0,1,1.2197680473327637
11,0,0,0.0,1,1.2595553398132324
12,0,0,0.0,1,1.383732557296753
13,0,0,0.0,1,1.462670087814331
14,0,0,0.0,1,1.6545891761779785
15,0,0,0.0,1,1.7012581825256348
16,0,0,0.0,1,1.7012646198272705
17,0,0,0.0,1,1.7487008571624756
18,0,0,0.0,1,1.76607084274292
19,0,0,0.0,1,1.8296270370483398
20,0,0,0.0,1,1.8408756256103516
21,0,0,0.0,1,1.8673529624938965
22,0,0,0.0,1,1.8988542556762695
23,0,0,0.0,1,1.9602882862091064
24,0,0,0.0,1,1.9825119972229004
25,0,0,0.0,1,2.004819869995117
26,0,0,0.0,1,2.0400142669677734
27,0,0,0.0,1,2.0501556396484375
28,0,0,0.0,1,2.0833003520965576
29,0,0,0.0,1,2.089412212371826
30,0,0,0.0,1,2.0951590538024902
31,0,0,0.0,1,2.131960391998291
32,0,0,0.0,1,2.1849026679992676
33,0,0,0.0,1,2.2069544792175293
34,0,0,0.0,1,2.22208833694458
35,0,0,0.0,1,2.2419896125793457
36,0,0,0.0,1,2.277815103530884
37,0,0,0.0,1,2.290601968765259
38,0,0,0.0,1,2.3110146522521973
39,0,0,0.0,1,2.3660404682159424
40,0,0,0.0,1,2.3714678287506104
41,0,0,0.0,1,2.429377555847168
42,0,0,0.0,1,2.4353089332580566
43,0,0,0.0,1,2.4541819095611572
44,0,0,0.0,1,2.496922731399536
45,0,0,0.0,1,2.502230405807495
46,0,0,0.0,1,2.568359613418579
47,0,0,0.0,1,2.5966577529907227
48,0,0,0.0,1,2.626931667327881
49,0,0,0.0,1,2.644179582595825
50,0,0,0.0,1,3.32047438621521
51,0,0,0.0,1,3.374260902404785
52,0,0,0.0,1,3.4825620651245117
53,0,0,0.0,1,3.527135133743286
54,0,0,0.0,1,3.5422704219818115
55,0,0,0.0,1,3.5582666397094727
56,0,0,0.0,1,3.5948216915130615
57,0,0,0.0,1,3.623378038406372
58,0,0,0.0,1,3.663788080215454
59,0,0,0.0,1,3.6946871280670166
60,0,0,0.0,1,3.713895320892334
61,0,0,0.0,1,3.7272298336029053
62,0,0,0.0,1,3.7431282997131348
63,0,0,0.0,1,3.8009378910064697
64,0,0,0.0,1,3.820099115371704
65,0,0,0.0,1,3.8617212772369385
66,0,0,0.0,1,3.8829896450042725
67,0,0,0.0,1,3.9042110443115234
68,0,0,0.0,1,3.9042165279388428
69,0,0,0.0,1,3.9209601879119873
70,0,0,0.0,1,3.952033519744873
71,0,0,0.0,1,3.9624500274658203
72,0,0,0.0,1,4.026489973068237
73,0,0,0.0,1,4.0322630405426025
74,0,0,0.0,1,4.042861223220825
75,0,0,0.0,1,4.064100027084351
76,0,0,0.0,1,4.11370062828064
77,0,0,0.0,1,4.130382776260376
78,0,0,0.0,1,4.140993118286133
79,0,0,0.0,1,4.1578826904296875
80,0,0,0.0,1,4.241830825805664
81,0,0,0.0,1,4.281467437744141
82,0,0,0.0,1,4.304736375808716
83,0,0,0.0,1,4.3735573291778564
84,0,0,0.0,1,4.388989686965942
85,0,0,0.0,1,4.437180519104004
86,0,0,0.0,1,4.447926044464111
87,0,0,0.0,1,4.484196901321411
88,0,0,0.0,1,4.4842023849487305
89,0,0,0.0,1,4.5044167041778564
90,0,0,0.0,1,4.521299123764038
91,0,0,0.0,1,4.527102470397949
92,0,0,0.0,1,4.5548481941223145
93,0,0,0.0,1,4.575927734375
94,0,0,0.0,1,4.5908331871032715
95,0,0,0.0,1,4.617717266082764
96,0,0,0.0,1,4.6399993896484375
97,0,0,0.0,1,4.650751113891602
98,0,0,0.0,1,4.672680377960205
99,0,0,0.0,1,4.703980207443237
100,0,0,0.0,1,5.058722734451294
101,0,0,0.0,1,5.081746816635132
102,0,0,0.0,1,5.0817530155181885
103,0,0,0.0,1,5.127352952957153
104,0,0,0.0,1,5.132667541503906
105,0,0,0.0,1,5.176443338394165
106,0,0,0.0,1,5.1821630001068115
107,0,0,0.0,1,5.222485780715942
108,0,0,0.0,1,5.259894371032715
109,0,0,0.0,1,5.265392065048218
110,0,0,0.0,1,5.271135330200195
111,0,0,0.0,1,5.351698637008667
112,0,0,0.0,1,5.351704835891724
113,0,0,0.0,1,5.368010520935059
114,0,0,0.0,1,5.44443416595459
115,0,0,0.0,1,5.4621055126190186
116,0,0,0.0,1,5.467543601989746
117,0,0,0.0,1,5.4837305545806885
118,0,0,0.0,1,5.50679612159729
119,0,0,0.0,1,5.528360843658447
120,0,0,0.0,1,5.590365886688232
121,0,0,0.0,1,5.6100852489471436
122,0,0,0.0,1,5.6100914478302
123,0,0,0.0,1,5.656292200088501
124,0,0,0.0,1,5.667536497116089
125,0,0,0.0,1,5.678241491317749
126,0,0,0.0,1,5.716266632080078
127,0,0,0.0,1,5.756289720535278
128,0,0,0.0,1,5.77201509475708
129,0,0,0.0,1,5.799710035324097
130,0,0,0.0,1,5.805197238922119
131,0,0,0.0,1,5.830347299575806
132,0,0,0.0,1,5.8407227993011475
133,0,0,0.0,1,5.924861431121826
134,0,0,0.0,1,5.930127143859863
135,0,0,0.0,1,5.967633962631226
136,0,0,0.0,1,5.982819080352783
137,0,0,0.0,1,6.01945948600769
138,0,0,0.0,1,6.050055503845215
139,0,0,0.0,1,6.0925452709198
140,0,0,0.0,1,6.132936000823975
141,0,0,0.0,1,6.1329426765441895
142,0,0,0.0,1,6.200129985809326
143,0,0,0.0,1,6.206103801727295
144,0,0,0.0,1,6.222334623336792
145,0,0,0.0,1,6.238719940185547
146,0,0,0.0,1,6.276336193084717
147,0,0,0.0,1,6.276342391967773
148,0,0,0.0,1,6.302987813949585
149,0,0,0.0,1,6.319636344909668
150,0,0,0.0,1,6.7095184326171875
151,0,0,0.0,1,6.725146293640137
152,0,0,0.0,1,6.760319471359253
153,0,0,0.0,1,6.778489589691162
154,0,0,0.0,1,6.79933500289917
155,0,0,0.0,1,6.834978818893433
156,0,0,0.0,1,6.887600421905518
157,0,0,0.0,1,6.9568750858306885
158,0,0,0.0,1,6.989838600158691
159,0,0,0.0,1,6.989845275878906
160,0,0,0.0,1,7.0325541496276855
161,0,0,0.0,1,7.113743782043457
162,0,0,0.0,1,7.150328874588013
163,0,0,0.0,1,7.1610002517700195
164,0,0,0.0,1,7.182556629180908
165,0,0,0.0,1,7.242481470108032
166,0,0,0.0,1,7.252753973007202
167,0,0,0.0,1,7.278005838394165
168,0,0,0.0,1,7.2850799560546875
169,0,0,0.0,1,7.30060338973999
170,0,0,0.0,1,7.328253984451294
171,0,0,0.0,1,7.36760401725769
172,0,0,0.0,1,7.373117446899414
173,0,0,0.0,1,7.4394402503967285
174,0,0,0.0,1,7.451007843017578
175,0,0,0.0,1,7.451014518737793
176,0,0,0.0,1,7.505859375
177,0,0,0.0,1,7.51143479347229
178,0,0,0.0,1,7.547996520996094
179,0,0,0.0,1,7.579904079437256
180,0,0,0.0,1,7.579910755157471
181,0,0,0.0,1,7.586962699890137
182,0,0,0.0,1,7.643163681030273
183,0,0,0.0,1,7.648921489715576
184,0,0,0.0,1,7.676801919937134
185,0,0,0.0,1,7.727137565612793
186,0,0,0.0,1,7.727144002914429
187,0,0,0.0,1,7.798862934112549
188,0,0,0.0,1,7.814915180206299
189,0,0,0.0,1,7.83016562461853
190,0,0,0.0,1,7.845318078994751
191,0,0,0.0,1,7.866613388061523
192,0,0,0.0,1,7.92328667640686
193,0,0,0.0,1,7.96940016746521
194,0,0,0.0,1,7.9846742153167725
195,0,0,0.0,1,7.9970715045928955
196,0,0,0.0,1,8.030007362365723
197,0,0,0.0,1,8.041335344314575
198,0,0,0.0,1,8.056533098220825
199,0,0,0.0,1,8.086150646209717
200,0,0,0.0,1,8.548403978347778
201,0,0,0.0,1,8.574419498443604
202,0,0,0.0,1,8.590079545974731
203,0,0,0.0,1,8.643197774887085
204,0,0,0.0,1,8.643205642700195
205,0,0,0.0,1,8.670748710632324
206,0,0,0.0,1,8.676254272460938
207,0,0,0.0,1,8.724207401275635
208,0,0,0.0,1,8.77129316329956
209,0,0,0.0,1,8.802290678024292
210,0,0,0.0,1,8.820539712905884
211,0,0,0.0,1,8.826512813568115
212,0,0,0.0,1,8.85476541519165
213,0,0,0.0,1,8.8756582736969
214,0,0,0.0,1,8.923523902893066
215,0,0,0.0,1,8.985143184661865
216,0,0,0.0,1,9.03770661354065
217,0,0,0.0,1,9.037713527679443
218,0,0,0.0,1,9.043964147567749
219,0,0,0.0,1,9.083394765853882
220,0,0,0.0,1,9.123006105422974
221,0,0,0.0,1,9.17111873626709
222,0,0,0.0,1,9.176484107971191
223,0,0,0.0,1,9.212232112884521
224,0,0,0.0,1,9.212238550186157
225,0,0,0.0,1,9.230142593383789
226,0,0,0.0,1,9.281083583831787
227,0,0,0.0,1,9.297684669494629
228,0,0,0.0,1,9.31375527381897
229,0,0,0.0,1,9.367453336715698
230,0,0,0.0,1,9.395397901535034
231,0,0,0.0,1,9.411637783050537
232,0,0,0.0,1,9.472184658050537
233,0,0,0.0,1,9.478955030441284
234,0,0,0.0,1,9.478961944580078
235,0,0,0.0,1,9.585733413696289
236,0,0,0.0,1,9.606435537338257
237,0,0,0.0,1,9.635380029678345
238,0,0,0.0,1,9.641278982162476
239,0,0,0.0,1,9.677234172821045
240,0,0,0.0,1,9.693201303482056
241,0,0,0.0,1,9.704045295715332
242,0,0,0.0,1,9.742502450942993
243,0,0,0.0,1,9.773483276367188
244,0,0,0.0,1,9.789683818817139
245,0,0,0.0,1,9.82066822052002
246,0,0,0.0,1,9.84527850151062
247,0,0,0.0,1,9.876418828964233
248,0,0,0.0,1,9.881724834442139
249,0,0,0.0,1,9.922375679016113
250,0,0,0.0,1,10.312715768814087
251,0,0,0.0,1,10.354931831359863
252,0,0,0.0,1,10.354938507080078
253,0,0,0.0,1,10.36067271232605
254,0,0,0.0,1,10.420172691345215
255,0,0,0.0,1,10.426299810409546
256,0,0,0.0,1,10.470863342285156
257,0,0,0.0,1,10.478376150131226
258,0,0,0.0,1,10.49251127243042
259,0,0,0.0,1,10.559109210968018
260,0,0,0.0,1,10.565181255340576
261,0,0,0.0,1,10.586483478546143
262,0,0,0.0,1,10.622634649276733
263,0,0,0.0,1,10.6288902759552
264,0,0,0.0,1,10.68450117111206
265,0,0,0.0,1,10.720626831054688
266,0,0,0.0,1,10.765824556350708
267,0,0,0.0,1,10.802634477615356
268,0,0,0.0,1,10.808163404464722
269,0,0,0.0,1,10.825135469436646
270,0,0,0.0,1,10.879063844680786
271,0,0,0.0,1,10.921724557876587
272,0,0,0.0,1,10.928216218948364
273,0,0,0.0,1,10.933778285980225
274,0,0,0.0,1,10.960800409317017
275,0,0,0.0,1,10.986585140228271
276,0,0,0.0,1,10.997109413146973
277,0,0,0.0,1,11.00758671760559
278,0,0,0.0,1,11.043199062347412
279,0,0,0.0,1,11.074862241744995
280,0,0,0.0,1,11.100328207015991
281,0,0,0.0,1,11.100334644317627
282,0,0,0.0,1,11.197618007659912
283,0,0,0.0,1,11.213404417037964
284,0,0,0.0,1,11.224077701568604
285,0,0,0.0,1,11.244626998901367
286,0,0,0.0,1,11.254920959472656
287,0,0,0.0,1,11.307164430618286
288,0,0,0.0,1,11.322938919067383
289,0,0,0.0,1,11.32294774055481
290,0,0,0.0,1,11.375932931900024
291,0,0,0.0,1,11.37593960762024
292,0,0,0.0,1,11.386769771575928
293,0,0,0.0,1,11.432696104049683
294,0,0,0.0,1,11.442879676818848
295,0,0,0.0,1,11.54026174545288
296,0,0,0.0,1,11.545517206192017
297,0,0,0.0,1,11.596625328063965
298,0,0,0.0,1,11.613086223602295
299,0,0,0.0,1,11.635862112045288
300,0,0,0.0,1,12.184786319732666
301,0,0,0.0,1,12.191341638565063
302,0,0,0.0,1,12.219757080078125
303,0,0,0.0,1,12.231734275817871
304,0,0,0.0,1,12.303432703018188
305,0,0,0.0,1,12.31449270248413
306,0,0,0.0,1,12.363120079040527
307,0,0,0.0,1,12.422917127609253
308,0,0,0.0,1,12.42849349975586
309,0,0,0.0,1,12.47662878036499
310,0,0,0.0,1,12.53200626373291
311,0,0,0.0,1,12.552004337310791
312,0,0,0.0,1,12.599986791610718
313,0,0,0.0,1,12.621782302856445
314,0,0,0.0,1,12.650964498519897
315,0,0,0.0,1,12.710345268249512
316,0,0,0.0,1,12.737556219100952
317,0,0,0.0,1,12.797087669372559
318,0,0,0.0,1,12.797096014022827
319,0,0,0.0,1,12.830661058425903
320,0,0,0.0,1,12.830667734146118
321,0,0,0.0,1,12.852247714996338
322,0,0,0.0,1,12.864901304244995
323,0,0,0.0,1,12.908107280731201
324,0,0,0.0,1,12.92452883720398
325,0,0,0.0,1,12.96925663948059
326,0,0,0.0,1,12.975250005722046
327,0,0,0.0,1,13.038728952407837
328,0,0,0.0,1,13.076813697814941
329,0,0,0.0,1,13.1206693649292
330,0,0,0.0,1,13.15352463722229
331,0,0,0.0,1,13.153531074523926
332,0,0,0.0,1,13.165741205215454
333,0,0,0.0,1,13.219704627990723
334,0,0,0.0,1,13.230668306350708
335,0,0,0.0,1,13.278908491134644
336,0,0,0.0,1,13.292461156845093
337,0,0,0.0,1,13.309115648269653
338,0,0,0.0,1,13.346421241760254
339,0,0,0.0,1,13.365783929824829
340,0,0,0.0,1,13.371983528137207
341,0,0,0.0,1,13.463994264602661
342,0,0,0.0,1,13.482397317886353
343,0,0,0.0,1,13.523696899414062
344,0,0,0.0,1,13.58353877067566
345,0,0,0.0,1,13.599821329116821
346,0,0,0.0,1,13.599828004837036
347,0,0,0.0,1,13.658588171005249
348,0,0,0.0,1,13.658594608306885
349,0,0,0.0,1,13.71680760383606
350,0,0,0.0,1,14.202083826065063
351,0,0,0.0,1,14.208539962768555
352,0,0,0.0,1,14.243149757385254
353,0,0,0.0,1,14.266910791397095
354,0,0,0.0,1,14.305686473846436
355,0,0,0.0,1,14.305692672729492
356,0,0,0.0,1,14.351751327514648
357,0,0,0.0,1,14.373857259750366
358,0,0,0.0,1,14.379644870758057
359,0,0,0.0,1,14.425660371780396
360,0,0,0.0,1,14.49925684928894
361,0,0,0.0,1,14.499263525009155
362,0,0,0.0,1,14.535812377929688
363,0,0,0.0,1,14.583010196685791
364,0,0,0.0,1,14.602835178375244
365,0,0,0.0,1,14.608911275863647
366,0,0,0.0,1,14.668282747268677
367,0,0,0.0,1,14.701657772064209
368,0,0,0.0,1,14.757116794586182
369,0,0,0.0,1,14.792810678482056
370,0,0,0.0,1,14.832925796508789
371,0,0,0.0,1,14.860708475112915
372,0,0,0.0,1,14.900857210159302
373,0,0,0.0,1,14.900864839553833
374,0,0,0.0,1,14.917200326919556
375,0,0,0.0,1,14.970983743667603
376,0,0,0.0,1,14.992873668670654
377,0,0,0.0,1,15.01058840751648
378,0,0,0.0,1,15.01670789718628
379,0,0,0.0,1,15.048733711242676
380,0,0,0.0,1,15.074690580368042
381,0,0,0.0,1,15.095967292785645
382,0,0,0.0,1,15.103041887283325
383,0,0,0.0,1,15.123815774917603
384,0,0,0.0,1,15.13475227355957
385,0,0,0.0,1,15.16272234916687
386,0,0,0.0,1,15.188475131988525
387,0,0,0.0,1,15.243090152740479
388,0,0,0.0,1,15.287301540374756
389,0,0,0.0,1,15.29827332496643
390,0,0,0.0,1,15.360480546951294
391,0,0,0.0,1,15.382429361343384
392,0,0,0.0,1,15.388091802597046
393,0,0,0.0,1,15.417081594467163
394,0,0,0.0,1,15.423205137252808
395,0,0,0.0,1,15.459514141082764
396,0,0,0.0,1,15.471511363983154
397,0,0,0.0,1,15.47151780128479
398,0,0,0.0,1,16.655003786087036
399,0,0,0.0,1,16.67807674407959
400,0,0,0.0,1,17.186727046966553
401,0,0,0.0,1,17.192190647125244
402,0,0,0.0,1,17.223878383636475
403,0,0,0.0,1,17.309447050094604
404,0,0,0.0,1,17.31485867500305
405,0,0,0.0,1,17.320788145065308
406,0,0,0.0,1,17.36044406890869
407,0,0,0.0,1,17.37134313583374
408,0,0,0.0,1,17.392638206481934
409,0,0,0.0,1,17.413762092590332
410,0,0,0.0,1,17.45883536338806
411,0,0,0.0,1,17.458841800689697
412,0,0,0.0,1,17.470013856887817
413,0,0,0.0,1,17.529091835021973
414,0,0,0.0,1,17.573574542999268
415,0,0,0.0,1,17.58456325531006
416,0,0,0.0,1,17.600701570510864
417,0,0,0.0,1,17.625473260879517
418,0,0,0.0,1,17.645345449447632
419,0,0,0.0,1,17.650547981262207
420,0,0,0.0,1,17.689769506454468
421,0,0,0.0,1,17.73520016670227
422,0,0,0.0,1,17.7461256980896
423,0,0,0.0,1,17.78234314918518
424,0,0,0.0,1,17.91067886352539
425,0,0,0.0,1,17.918700456619263
426,0,0,0.0,1,17.965567111968994
427,0,0,0.0,1,17.96557354927063
428,0,0,0.0,1,17.98683190345764
429,0,0,0.0,1,18.03569459915161
430,0,0,0.0,1,18.05138635635376
431,0,0,0.0,1,18.08007287979126
432,0,0,0.0,1,18.095704078674316
433,0,0,0.0,1,18.101248025894165
434,0,0,0.0,1,18.12567400932312
435,0,0,0.0,1,18.163772344589233
436,0,0,0.0,1,18.180903673171997
437,0,0,0.0,1,18.201226949691772
438,0,0,0.0,1,18.211252689361572
439,0,0,0.0,1,18.246712684631348
440,0,0,0.0,1,18.25678849220276
441,0,0,0.0,1,18.299885988235474
442,0,0,0.0,1,18.339781761169434
443,0,0,0.0,1,18.387645959854126
444,0,0,0.0,1,18.397669076919556
445,0,0,0.0,1,18.423628091812134
446,0,0,0.0,1,18.457238912582397
447,0,0,0.0,1,18.485145092010498
448,0,0,0.0,1,18.49570894241333
449,0,0,0.0,1,18.52393889427185
450,0,0,0.0,1,18.993199825286865
451,0,0,0.0,1,19.029794692993164
452,0,0,0.0,1,19.05828309059143
453,0,0,0.0,1,19.11209225654602
454,0,0,0.0,1,19.121386528015137
455,0,0,0.0,1,19.149921417236328
456,0,0,0.0,1,19.149932384490967
457,0,0,0.0,1,19.154910564422607
458,0,0,0.0,1,19.200063228607178
459,0,0,0.0,1,19.20505166053772
460,0,0,0.0,1,19.25051712989807
461,0,0,0.0,1,19.25540065765381
462,0,0,0.0,1,19.307796478271484
463,0,0,0.0,1,19.343079328536987
464,0,0,0.0,1,19.37143111228943
465,0,0,0.0,1,19.405473232269287
466,0,0,0.0,1,19.425347328186035
467,0,0,0.0,1,19.42535376548767
468,0,0,0.0,1,19.46856451034546
469,0,0,0.0,1,19.483209371566772
470,0,0,0.0,1,19.50390911102295
471,0,0,0.0,1,19.536911249160767
472,0,0,0.0,1,19.551472663879395
473,0,0,0.0,1,19.561046838760376
474,0,0,0.0,1,19.58626651763916
475,0,0,0.0,1,19.59322428703308
476,0,0,0.0,1,19.612067699432373
477,0,0,0.0,1,19.631693363189697
478,0,0,0.0,1,19.631700038909912
479,0,0,0.0,1,19.641674041748047
480,0,0,0.0,1,19.712474822998047
481,0,0,0.0,1,19.717732906341553
482,0,0,0.0,1,19.750210285186768
483,0,0,0.0,1,19.760366916656494
484,0,0,0.0,1,19.781975507736206
485,0,0,0.0,1,19.806941986083984
486,0,0,0.0,1,19.811855792999268
487,0,0,0.0,1,19.88630247116089
488,0,0,0.0,1,19.938557863235474
489,0,0,0.0,1,19.961485385894775
490,0,0,0.0,1,20.00272297859192
491,0,0,0.0,1,20.02207660675049
492,0,0,0.0,1,20.055657625198364
493,0,0,0.0,1,20.06118607521057
494,0,0,0.0,1,20.076993227005005
495,0,0,0.0,1,20.097296476364136
496,0,0,0.0,1,20.10729193687439
497,0,0,0.0,1,20.13345193862915
498,0,0,0.0,1,20.147737503051758
499,0,0,0.0,1,20.18155336380005
500,0,0,0.0,1,20.631913661956787
501,0,0,0.0,1,20.65260624885559
502,0,0,0.0,1,20.701066493988037
503,0,0,0.0,1,20.712244272232056
504,0,0,0.0,1,20.737768173217773
505,0,0,0.0,1,20.747337341308594
506,0,0,0.0,1,20.74734377861023
507,0,0,0.0,1,20.776302576065063
508,0,0,0.0,1,20.78613018989563
509,0,0,0.0,1,20.81416416168213
510,0,0,0.0,1,20.848553895950317
511,0,0,0.0,1,20.848560333251953
512,0,0,0.0,1,20.881886959075928
513,0,0,0.0,1,20.900172233581543
514,0,0,0.0,1,20.909483671188354
515,0,0,0.0,1,20.93888258934021
516,0,0,0.0,1,21.005210399627686
517,0,0,0.0,1,21.020591020584106
518,0,0,0.0,1,21.026504516601562
519,0,0,0.0,1,21.08913493156433
520,0,0,0.0,1,21.09835910797119
521,0,0,0.0,1,21.12876319885254
522,0,0,0.0,1,21.128769874572754
523,0,0,0.0,1,21.148255348205566
524,0,0,0.0,1,21.186256647109985
525,0,0,0.0,1,21.18626308441162
526,0,0,0.0,1,21.204933881759644
527,0,0,0.0,1,21.219903230667114
528,0,0,0.0,1,21.229521989822388
529,0,0,0.0,1,21.296807765960693
530,0,0,0.0,1,21.31346035003662
531,0,0,0.0,1,21.329954385757446
532,0,0,0.0,1,21.371609449386597
533,0,0,0.0,1,21.376574993133545
534,0,0,0.0,1,21.43005609512329
535,0,0,0.0,1,21.466859817504883
536,0,0,0.0,1,21.47694206237793
537,0,0,0.0,1,21.492377996444702
538,0,0,0.0,1,21.551680088043213
539,0,0,0.0,1,21.556464672088623
540,0,0,0.0,1,21.5661780834198
541,0,0,0.0,1,21.60030722618103
542,0,0,0.0,1,21.605172872543335
543,0,0,0.0,1,21.699448108673096
544,0,0,0.0,1,21.69945502281189
545,0,0,0.0,1,21.727707386016846
546,0,0,0.0,1,21.732842445373535
547,0,0,0.0,1,21.77652382850647
548,0,0,0.0,1,21.829166412353516
549,0,0,0.0,1,21.872416257858276
550,0,0,0.0,1,22.31816792488098
551,0,0,0.0,1,22.318174600601196
552,0,0,0.0,1,22.353060960769653
553,0,0,0.0,1,22.358064889907837
554,0,0,0.0,1,22.400967121124268
555,0,0,0.0,1,22.42326259613037
556,0,0,0.0,1,22.42803955078125
557,0,0,0.0,1,22.47215247154236
558,0,0,0.0,1,22.472158908843994
559,0,0,0.0,1,22.50115132331848
560,0,0,0.0,1,22.50605010986328
561,0,0,0.0,1,22.515573263168335
562,0,0,0.0,1,22.53800129890442
563,0,0,0.0,1,22.567447423934937
564,0,0,0.0,1,22.592735290527344
565,0,0,0.0,1,22.606680393218994
566,0,0,0.0,1,22.66065764427185
567,0,0,0.0,1,22.666624784469604
568,0,0,0.0,1,22.666630744934082
569,0,0,0.0,1,22.721099138259888
570,0,0,0.0,1,22.748267889022827
571,0,0,0.0,1,22.760318994522095
572,0,0,0.0,1,22.77543020248413
573,0,0,0.0,1,22.791744470596313
574,0,0,0.0,1,22.81034278869629
575,0,0,0.0,1,22.83925437927246
576,0,0,0.0,1,22.85485029220581
577,0,0,0.0,1,22.893544912338257
578,0,0,0.0,1,22.92685317993164
579,0,0,0.0,1,22.960247039794922
580,0,0,0.0,1,22.96956467628479
581,0,0,0.0,1,22.989957332611084
582,0,0,0.0,1,23.03598713874817
583,0,0,0.0,1,23.09468388557434
584,0,0,0.0,1,23.118850708007812
585,0,0,0.0,1,23.128350734710693
586,0,0,0.0,1,23.146796464920044
587,0,0,0.0,1,23.177104711532593
588,0,0,0.0,1,23.20725393295288
589,0,0,0.0,1,23.216662406921387
590,0,0,0.0,1,23.225767850875854
591,0,0,0.0,1,23.24793243408203
592,0,0,0.0,1,23.258831024169922
593,0,0,0.0,1,23.29067635536194
594,0,0,0.0,1,23.296823740005493
595,0,0,0.0,1,23.325434923171997
596,0,0,0.0,1,23.3433358669281
597,0,0,0.0,1,23.348199367523193
598,0,0,0.0,1,23.359238386154175
599,0,0,0.0,1,23.435213327407837
600,0,0,0.0,1,23.952864408493042
601,0,0,0.0,1,23.978551626205444
602,0,0,0.0,1,24.009938955307007
603,0,0,0.0,1,24.031033992767334
604,0,0,0.0,1,24.036051988601685
605,0,0,0.0,1,24.069960117340088
606,0,0,0.0,1,24.088977336883545
607,0,0,0.0,1,24.133764505386353
608,0,0,0.0,1,24.143481254577637
609,0,0,0.0,1,24.161616563796997
610,0,0,0.0,1,24.21135139465332
611,0,0,0.0,1,24.229995012283325
612,0,0,0.0,1,24.298477172851562
613,0,0,0.0,1,24.30411195755005
614,0,0,0.0,1,24.345339059829712
615,0,0,0.0,1,24.354639530181885
616,0,0,0.0,1,24.36444902420044
617,0,0,0.0,1,24.37575340270996
618,0,0,0.0,1,24.400932550430298
619,0,0,0.0,1,24.42418384552002
620,0,0,0.0,1,24.42910861968994
621,0,0,0.0,1,24.4613995552063
622,0,0,0.0,1,24.461406469345093
623,0,0,0.0,1,24.524346113204956
624,0,0,0.0,1,24.524352550506592
625,0,0,0.0,1,24.543017625808716
626,0,0,0.0,1,24.561774253845215
627,0,0,0.0,1,24.586596488952637
628,0,0,0.0,1,24.61117720603943
629,0,0,0.0,1,24.625011920928955
630,0,0,0.0,1,24.66430950164795
631,0,0,0.0,1,24.670575618743896
632,0,0,0.0,1,24.740444660186768
633,0,0,0.0,1,24.740451335906982
634,0,0,0.0,1,24.740455627441406
635,0,0,0.0,1,24.783905029296875
636,0,0,0.0,1,24.78391170501709
637,0,0,0.0,1,24.825350761413574
638,0,0,0.0,1,24.834864854812622
639,0,0,0.0,1,24.86266016960144
640,0,0,0.0,1,24.867658138275146
641,0,0,0.0,1,24.95665454864502
642,0,0,0.0,1,24.966219425201416
643,0,0,0.0,1,25.001938104629517
644,0,0,0.0,1,25.01235318183899
645,0,0,0.0,1,25.036297082901
646,0,0,0.0,1,25.041176557540894
647,0,0,0.0,1,25.06427001953125
648,0,0,0.0,1,25.095086574554443
649,0,0,0.0,1,25.134180545806885
650,0,0,0.0,1,25.65169405937195
651,0,0,0.0,1,25.656869173049927
652,0,0,0.0,1,25.68024492263794
653,0,0,0.0,1,25.68947982788086
654,0,0,0.0,1,25.705798864364624
655,0,0,0.0,1,25.750569105148315
656,0,0,0.0,1,25.806954383850098
657,0,0,0.0,1,25.816986322402954
658,0,0,0.0,1,25.86441993713379
659,0,0,0.0,1,25.88365387916565
660,0,0,0.0,1,25.93470549583435
661,0,0,0.0,1,25.957587718963623
662,0,0,0.0,1,26.018819570541382
663,0,0,0.0,1,26.043410539627075
664,0,0,0.0,1,26.048468589782715
665,0,0,0.0,1,26.053452968597412
666,0,0,0.0,1,26.112939834594727
667,0,0,0.0,1,26.118105173110962
668,0,0,0.0,1,26.1432523727417
669,0,0,0.0,1,26.162388801574707
670,0,0,0.0,1,26.172947645187378
671,0,0,0.0,1,26.177966117858887
672,0,0,0.0,1,26.208337783813477
673,0,0,0.0,1,26.213831424713135
674,0,0,0.0,1,26.293362617492676
675,0,0,0.0,1,26.309959888458252
676,0,0,0.0,1,26.338595390319824
677,0,0,0.0,1,26.34889841079712
678,0,0,0.0,1,26.411943912506104
679,0,0,0.0,1,26.43630075454712
680,0,0,0.0,1,26.46571445465088
681,0,0,0.0,1,26.479761600494385
682,0,0,0.0,1,26.505916357040405
683,0,0,0.0,1,26.549602031707764
684,0,0,0.0,1,26.563154697418213
685,0,0,0.0,1,26.587078094482422
686,0,0,0.0,1,26.601481199264526
687,0,0,0.0,1,26.654286861419678
688,0,0,0.0,1,26.679809093475342
689,0,0,0.0,1,26.735275506973267
690,0,0,0.0,1,26.79741907119751
691,0,0,0.0,1,26.868346691131592
692,0,0,0.0,1,26.884426593780518
693,0,0,0.0,1,26.92897629737854
694,0,0,0.0,1,26.965248823165894
695,0,0,0.0,1,26.988393545150757
696,0,0,0.0,1,27.045770406723022
697,0,0,0.0,1,27.05092453956604
698,0,0,0.0,1,27.08335852622986
699,0,0,0.0,1,27.120384693145752
700,0,0,0.0,1,27.71741819381714
701,0,0,0.0,1,27.72480797767639
702,0,0,0.0,1,27.77365779876709
703,0,0,0.0,1,27.778518199920654
704,0,0,0.0,1,27.806477546691895
705,0,0,0.0,1,27.84471344947815
706,0,0,0.0,1,27.876447916030884
707,0,0,0.0,1,27.915248155593872
708,0,0,0.0,1,27.92032551765442
709,0,0,0.0,1,27.93499231338501
710,0,0,0.0,1,27.983522653579712
711,0,0,0.0,1,27.99752926826477
712,0,0,0.0,1,28.002421379089355
713,0,0,0.0,1,28.040732860565186
714,0,0,0.0,1,28.04073977470398
715,0,0,0.0,1,28.07318139076233
716,0,0,0.0,1,28.134186267852783
717,0,0,0.0,1,28.139139890670776
718,0,0,0.0,1,28.150870323181152
719,0,0,0.0,1,28.188028812408447
720,0,0,0.0,1,28.21647548675537
721,0,0,0.0,1,28.23515009880066
722,0,0,0.0,1,28.240116834640503
723,0,0,0.0,1,28.251734018325806
724,0,0,0.0,1,28.269880771636963
725,0,0,0.0,1,28.297438621520996
726,0,0,0.0,1,28.335020542144775
727,0,0,0.0,1,28.37348771095276
728,0,0,0.0,1,28.392087936401367
729,0,0,0.0,1,28.396950483322144
730,0,0,0.0,1,28.435831546783447
731,0,0,0.0,1,28.440855979919434
732,0,0,0.0,1,28.4694664478302
733,0,0,0.0,1,28.500362157821655
734,0,0,0.0,1,28.505359172821045
735,0,0,0.0,1,28.505364894866943
736,0,0,0.0,1,28.547774076461792
737,0,0,0.0,1,28.558722972869873
738,0,0,0.0,1,28.5912606716156
739,0,0,0.0,1,28.596357583999634
740,0,0,0.0,1,28.59636354446411
741,0,0,0.0,1,28.62107515335083
742,0,0,0.0,1,28.64919924736023
743,0,0,0.0,1,28.665099620819092
744,0,0,0.0,1,28.70963740348816
745,0,0,0.0,1,28.73048973083496
746,0,0,0.0,1,28.735499382019043
747,0,0,0.0,1,28.784204959869385
748,0,0,0.0,1,28.81622290611267
749,0,0,0.0,1,28.835835218429565
750,0,0,0.0,1,29.382158994674683
751,0,0,0.0,1,29.39661169052124
752,0,0,0.0,1,29.40605854988098
753,0,0,0.0,1,29.42991828918457
754,0,0,0.0,1,29.476001739501953
755,0,0,0.0,1,29.53402614593506
756,0,0,0.0,1,29.562124490737915
757,0,0,0.0,1,29.56213068962097
758,0,0,0.0,1,29.587604522705078
759,0,0,0.0,1,29.593172311782837
760,0,0,0.0,1,29.63982653617859
761,0,0,0.0,1,29.67624044418335
762,0,0,0.0,1,29.72097897529602
763,0,0,0.0,1,29.726307153701782
764,0,0,0.0,1,29.758790254592896
765,0,0,0.0,1,29.77797532081604
766,0,0,0.0,1,29.806460857391357
767,0,0,0.0,1,29.83029079437256
768,0,0,0.0,1,29.83520197868347
769,0,0,0.0,1,29.863365411758423
770,0,0,0.0,1,29.86851191520691
771,0,0,0.0,1,29.87796401977539
772,0,0,0.0,1,29.93925976753235
773,0,0,0.0,1,29.939266443252563
774,0,0,0.0,1,29.976933002471924
775,0,0,0.0,1,30.001707792282104
776,0,0,0.0,1,30.029585361480713
777,0,0,0.0,1,30.055646657943726
778,0,0,0.0,1,30.070408821105957
779,0,0,0.0,1,30.08424949645996
780,0,0,0.0,1,30.13368821144104
781,0,0,0.0,1,30.180925369262695
782,0,0,0.0,1,30.1860134601593
783,0,0,0.0,1,30.19108772277832
784,0,0,0.0,1,30.231433629989624
785,0,0,0.0,1,30.25457501411438
786,0,0,0.0,1,30.264051914215088
787,0,0,0.0,1,30.27347469329834
788,0,0,0.0,1,30.31655478477478
789,0,0,0.0,1,30.32153058052063
790,0,0,0.0,1,30.33585500717163
791,0,0,0.0,1,30.38567280769348
792,0,0,0.0,1,30.406517267227173
793,0,0,0.0,1,30.42540192604065
794,0,0,0.0,1,30.462875843048096
795,0,0,0.0,1,30.462881803512573
796,0,0,0.0,1,30.491211652755737
797,0,0,0.0,1,30.520793676376343
798,0,0,0.0,1,30.525787115097046
799,0,0,0.0,1,30.540059804916382
800,0,0,0.0,1,31.10413670539856
801,0,0,0.0,1,31.144493341445923
802,0,0,0.0,1,31.168205499649048
803,0,0,0.0,1,31.1822350025177
804,0,0,0.0,1,31.20070767402649
805,0,0,0.0,1,31.235249280929565
806,0,0,0.0,1,31.290315628051758
807,0,0,0.0,1,31.290321826934814
808,0,0,0.0,1,31.295513153076172
809,0,0,0.0,1,32.04527568817139
810,0,0,0.0,1,32.08652305603027
811,0,0,0.0,1,32.09151339530945
812,0,0,0.0,1,32.118510007858276
813,0,0,0.0,1,32.12458682060242
814,0,0,0.0,1,32.144052267074585
815,0,0,0.0,1,32.176392555236816
816,0,0,0.0,1,32.20784616470337
817,0,0,0.0,1,32.219218015670776
818,0,0,0.0,1,32.24776244163513
819,0,0,0.0,1,32.26675486564636
820,0,0,0.0,1,32.28978705406189
821,0,0,0.0,1,32.37375092506409
822,0,0,0.0,1,32.39767527580261
823,0,0,0.0,1,32.416669845581055
824,0,0,0.0,1,32.43234086036682
825,0,0,0.0,1,32.460179805755615
826,0,0,0.0,1,32.469499349594116
827,0,0,0.0,1,32.525099754333496
828,0,0,0.0,1,32.52510619163513
829,0,0,0.0,1,32.56989598274231
830,0,0,0.0,1,32.58456754684448
831,0,0,0.0,1,32.664671659469604
832,0,0,0.0,1,32.6745502948761
833,0,0,0.0,1,32.684014081954956
834,0,0,0.0,1,32.719929218292236
835,0,0,0.0,1,32.73355174064636
836,0,0,0.0,1,32.75050592422485
837,0,0,0.0,1,32.76817560195923
838,0,0,0.0,1,32.7872109413147
839,0,0,0.0,1,32.810572385787964
840,0,0,0.0,1,32.815513372421265
841,0,0,0.0,1,32.845646381378174
842,0,0,0.0,1,32.85755252838135
843,0,0,0.0,1,32.86349630355835
844,0,0,0.0,1,32.88286733627319
845,0,0,0.0,1,32.901511430740356
846,0,0,0.0,1,32.91490459442139
847,0,0,0.0,1,32.9502694606781
848,0,0,0.0,1,32.96006894111633
849,0,0,0.0,1,32.98278617858887
850,0,0,0.0,1,33.56386113166809
851,0,0,0.0,1,33.6113498210907
852,0,0,0.0,1,33.611356019973755
853,0,0,0.0,1,33.61632418632507
854,0,0,0.0,1,33.65339112281799
855,0,0,0.0,1,33.68227505683899
856,0,0,0.0,1,33.691428661346436
857,0,0,0.0,1,33.69622087478638
858,0,0,0.0,1,33.737550020217896
859,0,0,0.0,1,33.74817180633545
860,0,0,0.0,1,33.787524938583374
861,0,0,0.0,1,33.79717707633972
862,0,0,0.0,1,33.811484575271606
863,0,0,0.0,1,33.84922552108765
864,0,0,0.0,1,33.86965870857239
865,0,0,0.0,1,33.87918782234192
866,0,0,0.0,1,33.911115407943726
867,0,0,0.0,1,33.93979215621948
868,0,0,0.0,1,33.95901584625244
869,0,0,0.0,1,33.95902228355408
870,0,0,0.0,1,34.006202936172485
871,0,0,0.0,1,34.016369104385376
872,0,0,0.0,1,34.03055453300476
873,0,0,0.0,1,34.058852195739746
874,0,0,0.0,1,34.05885863304138
875,0,0,0.0,1,34.11880278587341
876,0,0,0.0,1,34.15180492401123
877,0,0,0.0,1,34.157262086868286
878,0,0,0.0,1,34.19702696800232
879,0,0,0.0,1,34.2287278175354
880,0,0,0.0,1,34.26834297180176
881,0,0,0.0,1,34.27398085594177
882,0,0,0.0,1,34.27398681640625
883,0,0,0.0,1,34.3124213218689
884,0,0,0.0,1,34.31242752075195
885,0,0,0.0,1,34.36799883842468
886,0,0,0.0,1,34.36800479888916
887,0,0,0.0,1,34.405309200286865
888,0,0,0.0,1,34.410085916519165
889,0,0,0.0,1,34.41494417190552
890,0,0,0.0,1,34.44647717475891
891,0,0,0.0,1,34.4513955116272
892,0,0,0.0,1,34.45669507980347
893,0,0,0.0,1,34.49653697013855
894,0,0,0.0,1,34.496543407440186
895,0,0,0.0,1,34.523656368255615
896,0,0,0.0,1,34.561166524887085
897,0,0,0.0,1,34.57215452194214
898,0,0,0.0,1,34.59547734260559
899,0,0,0.0,1,34.66504716873169
900,0,0,0.0,1,35.218586921691895
901,0,0,0.0,1,35.23078417778015
902,0,0,0.0,1,35.27360129356384
903,0,0,0.0,1,35.30367684364319
904,0,0,0.0,1,35.31823658943176
905,0,0,0.0,1,35.336984395980835
906,0,0,0.0,1,35.38505029678345
907,0,0,0.0,1,35.38505721092224
908,0,0,0.0,1,35.41475033760071
909,0,0,0.0,1,35.42883110046387
910,0,0,0.0,1,35.46274662017822
911,0,0,0.0,1,35.51709818840027
912,0,0,0.0,1,35.521955728530884
913,0,0,0.0,1,35.5677924156189
914,0,0,0.0,1,35.58787488937378
915,0,0,0.0,1,35.617634296417236
916,0,0,0.0,1,35.627066135406494
917,0,0,0.0,1,35.65113949775696
918,0,0,0.0,1,35.65618443489075
919,0,0,0.0,1,35.68953323364258
920,0,0,0.0,1,35.7056360244751
921,0,0,0.0,1,35.71491718292236
922,0,0,0.0,1,35.742942571640015
923,0,0,0.0,1,35.76640820503235
924,0,0,0.0,1,35.781304121017456
925,0,0,0.0,1,35.80217146873474
926,0,0,0.0,1,35.830788135528564
927,0,0,0.0,1,35.84471297264099
928,0,0,0.0,1,35.867857694625854
929,0,0,0.0,1,35.88240671157837
930,0,0,0.0,1,35.90275764465332
931,0,0,0.0,1,35.92629075050354
932,0,0,0.0,1,35.94009590148926
933,0,0,0.0,1,36.03978419303894
934,0,0,0.0,1,36.07223653793335
935,0,0,0.0,1,36.08190369606018
936,0,0,0.0,1,36.10243463516235
937,0,0,0.0,1,36.143335580825806
938,0,0,0.0,1,36.14334177970886
939,0,0,0.0,1,36.18163704872131
940,0,0,0.0,1,36.187902212142944
941,0,0,0.0,1,36.223196506500244
942,0,0,0.0,1,36.25981593132019
943,0,0,0.0,1,36.25982213020325
944,0,0,0.0,1,36.3089759349823
945,0,0,0.0,1,36.365243434906006
946,0,0,0.0,1,36.38550424575806
947,0,0,0.0,1,36.4191951751709
948,0,0,0.0,1,36.42821145057678
949,0,0,0.0,1,36.432982206344604
950,0,0,0.0,1,37.04345393180847
951,0,0,0.0,1,37.11442446708679
952,0,0,0.0,1,37.13042855262756
953,0,0,0.0,1,37.16752290725708
954,0,0,0.0,1,37.18801665306091
955,0,0,0.0,1,37.21604657173157
956,0,0,0.0,1,37.23164749145508
957,0,0,0.0,1,37.245569944381714
958,0,0,0.0,1,37.27332544326782
959,0,0,0.0,1,37.28834867477417
960,0,0,0.0,1,37.31098699569702
961,0,0,0.0,1,37.3219690322876
962,0,0,0.0,1,37.367746114730835
963,0,0,0.0,1,37.36775207519531
964,0,0,0.0,1,37.40103197097778
965,0,0,0.0,1,37.405909299850464
966,0,0,0.0,1,37.43525719642639
967,0,0,0.0,1,37.454610109329224
968,0,0,0.0,1,37.46434473991394
969,0,0,0.0,1,37.478971004486084
970,0,0,0.0,1,37.515912771224976
971,0,0,0.0,1,37.520652294158936
972,0,0,0.0,1,37.533103704452515
973,0,0,0.0,1,37.58904838562012
974,0,0,0.0,1,37.59393334388733
975,0,0,0.0,1,37.629740715026855
976,0,0,0.0,1,37.64144849777222
977,0,0,0.0,1,37.69342613220215
978,0,0,0.0,1,37.698219299316406
979,0,0,0.0,1,37.71708941459656
980,0,0,0.0,1,37.7781662940979
981,0,0,0.0,1,37.78373646736145
982,0,0,0.0,1,37.813573122024536
983,0,0,0.0,1,37.85672044754028
984,0,0,0.0,1,37.89559197425842
985,0,0,0.0,1,37.8955979347229
986,0,0,0.0,1,37.92421579360962
987,0,0,0.0,1,37.93560600280762
988,0,0,0.0,1,37.94074058532715
989,0,0,0.0,1,37.9687135219574
990,0,0,0.0,1,37.978678464889526
991,0,0,0.0,1,38.00750756263733
992,0,0,0.0,1,38.037216663360596
993,0,0,0.0,1,38.05150604248047
994,0,0,0.0,1,38.094181299209595
995,0,0,0.0,1,38.09930634498596
996,0,0,0.0,1,38.12736129760742
997,0,0,0.0,1,38.17219519615173
998,0,0,0.0,1,38.22921586036682
999,0,0,0.0,1,38.23924684524536
1000,0,0,0.0,1,38.87233543395996
1001,0,0,0.0,1,38.90900182723999
1002,0,0,0.0,1,38.92402362823486
1003,0,0,0.0,1,38.98028779029846
1004,0,0,0.0,1,39.0282084941864
1005,0,0,0.0,1,39.03310799598694
1006,0,0,0.0,1,39.08595252037048
1007,0,0,0.0,1,39.10956287384033
1008,0,0,0.0,1,39.12831711769104
1009,0,0,0.0,1,39.163811683654785
1010,0,0,0.0,1,39.17854595184326
1011,0,0,0.0,1,39.183555364608765
1012,0,0,0.0,1,39.230847120285034
1013,0,0,0.0,1,39.24070644378662
1014,0,0,0.0,1,39.28409028053284
1015,0,0,0.0,1,39.29463338851929
1016,0,0,0.0,1,39.32404327392578
1017,0,0,0.0,1,39.34701657295227
1018,0,0,0.0,1,39.36241149902344
1019,0,0,0.0,1,39.38526916503906
1020,0,0,0.0,1,39.40040135383606
1021,0,0,0.0,1,39.40554714202881
1022,0,0,0.0,1,39.44462180137634
1023,0,0,0.0,1,39.473931312561035
1024,0,0,0.0,1,39.5081832408905
1025,0,0,0.0,1,39.527289390563965
1026,0,0,0.0,1,39.569947242736816
1027,0,0,0.0,1,39.57944321632385
1028,0,0,0.0,1,39.58988165855408
1029,0,0,0.0,1,39.62273645401001
1030,0,0,0.0,1,39.674296855926514
1031,0,0,0.0,1,39.69866061210632
1032,0,0,0.0,1,39.72581720352173
1033,0,0,0.0,1,39.73542809486389
1034,0,0,0.0,1,39.77676558494568
1035,0,0,0.0,1,39.79893636703491
1036,0,0,0.0,1,39.804080963134766
1037,0,0,0.0,1,39.81818962097168
1038,0,0,0.0,1,39.86985898017883
1039,0,0,0.0,1,39.87943124771118
1040,0,0,0.0,1,39.92560386657715
1041,0,0,0.0,1,39.93531084060669
1042,0,0,0.0,1,39.94505834579468
1043,0,0,0.0,1,39.97542977333069
1044,0,0,0.0,1,40.02698349952698
1045,0,0,0.0,1,40.047465562820435
1046,0,0,0.0,1,40.118414878845215
1047,0,0,0.0,1,40.12825798988342
1048,0,0,0.0,1,40.15509796142578
1049,0,0,0.0,1,40.17449188232422
1050,0,0,0.0,1,40.88176465034485
1051,0,0,0.0,1,40.91792345046997
1052,0,0,0.0,1,40.93683314323425
1053,0,0,0.0,1,40.970067262649536
1054,0,0,0.0,1,41.03695821762085
1055,0,0,0.0,1,41.06919980049133
1056,0,0,0.0,1,41.08786964416504
1057,0,0,0.0,1,41.149210691452026
1058,0,0,0.0,1,41.172523498535156
1059,0,0,0.0,1,41.1869421005249
1060,0,0,0.0,1,41.21695327758789
1061,0,0,0.0,1,41.22482895851135
1062,0,0,0.0,1,41.25882053375244
1063,0,0,0.0,1,41.26800203323364
1064,0,0,0.0,1,41.295361280441284
1065,0,0,0.0,1,41.32051992416382
1066,0,0,0.0,1,41.32706928253174
1067,0,0,0.0,1,41.341368675231934
1068,0,0,0.0,1,41.355783224105835
1069,0,0,0.0,1,41.38249588012695
1070,0,0,0.0,1,41.392151832580566
1071,0,0,0.0,1,41.436522006988525
1072,0,0,0.0,1,41.46857404708862
1073,0,0,0.0,1,41.478076219558716
1074,0,0,0.0,1,41.49789023399353
1075,0,0,0.0,1,41.555428981781006
1076,0,0,0.0,1,41.59277009963989
1077,0,0,0.0,1,41.59277582168579
1078,0,0,0.0,1,41.64112138748169
1079,0,0,0.0,1,41.64112734794617
1080,0,0,0.0,1,41.68248462677002
1081,0,0,0.0,1,41.69195795059204
1082,0,0,0.0,1,41.71144366264343
1083,0,0,0.0,1,41.78321027755737
1084,0,0,0.0,1,41.796942710876465
1085,0,0,0.0,1,41.84239840507507
1086,0,0,0.0,1,41.85455250740051
1087,0,0,0.0,1,41.892446756362915
1088,0,0,0.0,1,41.89245295524597
1089,0,0,0.0,1,41.91620922088623
1090,0,0,0.0,1,41.92100119590759
1091,0,0,0.0,1,41.95962190628052
1092,0,0,0.0,1,41.973538398742676
1093,0,0,0.0,1,41.99230909347534
1094,0,0,0.0,1,42.012338638305664
1095,0,0,0.0,1,42.042770862579346
1096,0,0,0.0,1,42.05698251724243
1097,0,0,0.0,1,42.09347581863403
1098,0,0,0.0,1,42.13152480125427
1099,0,0,0.0,1,42.15562963485718
1100,0,0,0.0,1,42.80970239639282
1101,0,0,0.0,1,42.81515049934387
1102,0,0,0.0,1,42.820417642593384
1103,0,0,0.0,1,42.88731932640076
1104,0,0,0.0,1,42.919835567474365
1105,0,0,0.0,1,42.92496347427368
1106,0,0,0.0,1,42.97356605529785
1107,0,0,0.0,1,42.99275755882263
1108,0,0,0.0,1,43.006552934646606
1109,0,0,0.0,1,43.02649211883545
1110,0,0,0.0,1,43.03144121170044
1111,0,0,0.0,1,43.065486669540405
1112,0,0,0.0,1,43.07934260368347
1113,0,0,0.0,1,43.08910918235779
1114,0,0,0.0,1,43.108498096466064
1115,0,0,0.0,1,43.13741731643677
1116,0,0,0.0,1,43.16638398170471
1117,0,0,0.0,1,43.18497633934021
1118,0,0,0.0,1,43.20613718032837
1119,0,0,0.0,1,43.2124388217926
1120,0,0,0.0,1,43.25442337989807
1121,0,0,0.0,1,43.265527963638306
1122,0,0,0.0,1,43.28960418701172
1123,0,0,0.0,1,43.312551736831665
1124,0,0,0.0,1,43.32775926589966
1125,0,0,0.0,1,43.33697867393494
1126,0,0,0.0,1,43.355411767959595
1127,0,0,0.0,1,43.38493013381958
1128,0,0,0.0,1,43.4036066532135
1129,0,0,0.0,1,43.43156051635742
1130,0,0,0.0,1,43.43664216995239
1131,0,0,0.0,1,43.4986138343811
1132,0,0,0.0,1,43.50783705711365
1133,0,0,0.0,1,43.531129360198975
1134,0,0,0.0,1,43.545039892196655
1135,0,0,0.0,1,43.559552907943726
1136,0,0,0.0,1,43.612088441848755
1137,0,0,0.0,1,43.61756157875061
1138,0,0,0.0,1,43.62293839454651
1139,0,0,0.0,1,43.65997314453125
1140,0,0,0.0,1,43.70800566673279
1141,0,0,0.0,1,43.72003245353699
1142,0,0,0.0,1,43.792484283447266
1143,0,0,0.0,1,43.79821443557739
1144,0,0,0.0,1,43.83040738105774
1145,0,0,0.0,1,43.8368034362793
1146,0,0,0.0,1,43.879472494125366
1147,0,0,0.0,1,43.898662090301514
1148,0,0,0.0,1,43.905542612075806
1149,0,0,0.0,1,43.95112752914429
1150,0,0,0.0,1,44.59425377845764
1151,0,0,0.0,1,44.650474071502686
1152,0,0,0.0,1,44.65535545349121
1153,0,0,0.0,1,44.69399619102478
1154,0,0,0.0,1,44.74120211601257
1155,0,0,0.0,1,44.74120783805847
1156,0,0,0.0,1,44.840152740478516
1157,0,0,0.0,1,44.85875940322876
1158,0,0,0.0,1,44.86842679977417
1159,0,0,0.0,1,44.87806057929993
1160,0,0,0.0,1,44.90687441825867
1161,0,0,0.0,1,44.911816120147705
1162,0,0,0.0,1,44.94076752662659
1163,0,0,0.0,1,45.011210441589355
1164,0,0,0.0,1,45.02088713645935
1165,0,0,0.0,1,45.03139138221741
1166,0,0,0.0,1,45.05900835990906
1167,0,0,0.0,1,45.06394076347351
1168,0,0,0.0,1,45.101621866226196
1169,0,0,0.0,1,45.10658526420593
1170,0,0,0.0,1,45.11629867553711
1171,0,0,0.0,1,45.14923596382141
1172,0,0,0.0,1,45.172290325164795
1173,0,0,0.0,1,45.18597769737244
1174,0,0,0.0,1,45.2246298789978
1175,0,0,0.0,1,45.23924469947815
1176,0,0,0.0,1,45.276389837265015
1177,0,0,0.0,1,45.28581094741821
1178,0,0,0.0,1,45.31560730934143
1179,0,0,0.0,1,45.33033275604248
1180,0,0,0.0,1,45.358343839645386
1181,0,0,0.0,1,45.36808800697327
1182,0,0,0.0,1,45.46604824066162
1183,0,0,0.0,1,45.480140686035156
1184,0,0,0.0,1,45.500232458114624
1185,0,0,0.0,1,45.53743553161621
1186,0,0,0.0,1,45.56034803390503
1187,0,0,0.0,1,45.60773730278015
1188,0,0,0.0,1,45.62151885032654
1189,0,0,0.0,1,45.6725115776062
1190,0,0,0.0,1,45.707666635513306
1191,0,0,0.0,1,45.712647676467896
1192,0,0,0.0,1,45.755791664123535
1193,0,0,0.0,1,45.75579762458801
1194,0,0,0.0,1,45.81276202201843
1195,0,0,0.0,1,45.854347944259644
1196,0,0,0.0,1,45.859297037124634
1197,0,0,0.0,1,45.87325310707092
1198,0,0,0.0,1,45.92905282974243
1199,0,0,0.0,1,45.952651262283325
1200,0,0,0.0,1,46.65949010848999
1201,0,0,0.0,1,46.678428649902344
1202,0,0,0.0,1,46.71216654777527
1203,0,0,0.0,1,46.728251934051514
1204,0,0,0.0,1,46.75202298164368
1205,0,0,0.0,1,46.75749158859253
1206,0,0,0.0,1,46.75749707221985
1207,0,0,0.0,1,46.79617881774902
1208,0,0,0.0,1,46.80630970001221
1209,0,0,0.0,1,46.82722449302673
1210,0,0,0.0,1,46.871933698654175
1211,0,0,0.0,1,46.88185119628906
1212,0,0,0.0,1,46.89629507064819
1213,0,0,0.0,1,47.5895140171051
1214,0,0,0.0,1,47.620288133621216
1215,0,0,0.0,1,47.64239692687988
1216,0,0,0.0,1,47.67401313781738
1217,0,0,0.0,1,47.71409320831299
1218,0,0,0.0,1,47.737865924835205
1219,0,0,0.0,1,47.78358006477356
1220,0,0,0.0,1,47.806694984436035
1221,0,0,0.0,1,47.82552981376648
1222,0,0,0.0,1,47.82553553581238
1223,0,0,0.0,1,47.88895010948181
1224,0,0,0.0,1,47.89497256278992
1225,0,0,0.0,1,47.90571737289429
1226,0,0,0.0,1,47.94190216064453
1227,0,0,0.0,1,48.00085520744324
1228,0,0,0.0,1,48.06581711769104
1229,0,0,0.0,1,48.1516170501709
1230,0,0,0.0,1,48.16634964942932
1231,0,0,0.0,1,48.179160356521606
1232,0,0,0.0,1,48.26385521888733
1233,0,0,0.0,1,48.28730535507202
1234,0,0,0.0,1,48.311057567596436
1235,0,0,0.0,1,48.31725215911865
1236,0,0,0.0,1,48.35296630859375
1237,0,0,0.0,1,48.358877420425415
1238,0,0,0.0,1,48.38024616241455
1239,0,0,0.0,1,48.432254791259766
1240,0,0,0.0,1,48.4588897228241
1241,0,0,0.0,1,48.46416354179382
1242,0,0,0.0,1,48.49380660057068
1243,0,0,0.0,1,48.50371766090393
1244,0,0,0.0,1,48.53693127632141
1245,0,0,0.0,1,48.57362604141235
1246,0,0,0.0,1,48.57363176345825
1247,0,0,0.0,1,48.61259078979492
1248,0,0,0.0,1,48.631407499313354
1249,0,0,0.0,1,48.65065860748291
1250,0,0,0.0,1,49.379109144210815
1251,0,0,0.0,1,49.37911534309387
1252,0,0,0.0,1,49.42148756980896
1253,0,0,0.0,1,49.42665505409241
1254,0,0,0.0,1,49.426661014556885
1255,0,0,0.0,1,49.519118547439575
1256,0,0,0.0,1,49.52877354621887
1257,0,0,0.0,1,49.56725001335144
1258,0,0,0.0,1,49.57239079475403
1259,0,0,0.0,1,49.57239627838135
1260,0,0,0.0,1,49.617552042007446
1261,0,0,0.0,1,49.6404287815094
1262,0,0,0.0,1,49.67879605293274
1263,0,0,0.0,1,49.68840932846069
1264,0,0,0.0,1,49.72116470336914
1265,0,0,0.0,1,49.72607135772705
1266,0,0,0.0,1,49.73595309257507
1267,0,0,0.0,1,49.770036458969116
1268,0,0,0.0,1,49.79067349433899
1269,0,0,0.0,1,49.80050849914551
1270,0,0,0.0,1,49.852386713027954
1271,0,0,0.0,1,49.85239243507385
1272,0,0,0.0,1,49.86296319961548
1273,0,0,0.0,1,49.91143560409546
1274,0,0,0.0,1,49.94449853897095
1275,0,0,0.0,1,50.001631021499634
1276,0,0,0.0,1,50.01134371757507
1277,0,0,0.0,1,50.02573537826538
1278,0,0,0.0,1,50.05292868614197
1279,0,0,0.0,1,50.07283806800842
1280,0,0,0.0,1,50.12138319015503
1281,0,0,0.0,1,50.14457178115845
1282,0,0,0.0,1,50.14963507652283
1283,0,0,0.0,1,50.159682512283325
1284,0,0,0.0,1,50.19868874549866
1285,0,0,0.0,1,50.24085354804993
1286,0,0,0.0,1,50.250683069229126
1287,0,0,0.0,1,50.250688552856445
1288,0,0,0.0,1,50.312137603759766
1289,0,0,0.0,1,50.341283321380615
1290,0,0,0.0,1,50.37076807022095
1291,0,0,0.0,1,50.375890016555786
1292,0,0,0.0,1,50.40516543388367
1293,0,0,0.0,1,50.42005515098572
1294,0,0,0.0,1,50.48111915588379
1295,0,0,0.0,1,50.5173442363739
1296,0,0,0.0,1,50.55934929847717
1297,0,0,0.0,1,50.5747332572937
1298,0,0,0.0,1,50.58445930480957
1299,0,0,0.0,1,50.655486822128296
1300,0,0,0.0,1,51.39526176452637
1301,0,0,0.0,1,51.40518522262573
1302,0,0,0.0,1,51.44490694999695
1303,0,0,0.0,1,51.47349572181702
1304,0,0,0.0,1,51.483328342437744
1305,0,0,0.0,1,51.506662130355835
1306,0,0,0.0,1,51.51321983337402
1307,0,0,0.0,1,51.546876668930054
1308,0,0,0.0,1,51.571855306625366
1309,0,0,0.0,1,51.57741570472717
1310,0,0,0.0,1,51.62627601623535
1311,0,0,0.0,1,51.65523409843445
1312,0,0,0.0,1,51.67944121360779
1313,0,0,0.0,1,51.70732545852661
1314,0,0,0.0,1,51.712137937545776
1315,0,0,0.0,1,51.73665976524353
1316,0,0,0.0,1,51.77219772338867
1317,0,0,0.0,1,51.77752184867859
1318,0,0,0.0,1,51.805970191955566
1319,0,0,0.0,1,51.84987020492554
1320,0,0,0.0,1,51.85990571975708
1321,0,0,0.0,1,51.8696653842926
1322,0,0,0.0,1,51.93550992012024
1323,0,0,0.0,1,51.9838764667511
1324,0,0,0.0,1,52.00849008560181
1325,0,0,0.0,1,52.028982162475586
1326,0,0,0.0,1,52.07415556907654
1327,0,0,0.0,1,52.102166175842285
1328,0,0,0.0,1,52.169047117233276
1329,0,0,0.0,1,52.231642961502075
1330,0,0,0.0,1,52.26162004470825
1331,0,0,0.0,1,52.26162648200989
1332,0,0,0.0,1,52.27165985107422
1333,0,0,0.0,1,52.30909967422485
1334,0,0,0.0,1,52.324987173080444
1335,0,0,0.0,1,52.36322236061096
1336,0,0,0.0,1,52.368220806121826
1337,0,0,0.0,1,52.39285635948181
1338,0,0,0.0,1,52.4115104675293
1339,0,0,0.0,1,52.42717456817627
1340,0,0,0.0,1,52.42718005180359
1341,0,0,0.0,1,52.464597940444946
1342,0,0,0.0,1,52.502685546875
1343,0,0,0.0,1,52.512059450149536
1344,0,0,0.0,1,52.536454916000366
1345,0,0,0.0,1,52.555541038513184
1346,0,0,0.0,1,52.56601405143738
1347,0,0,0.0,1,52.599852323532104
1348,0,0,0.0,1,52.627299308776855
1349,0,0,0.0,1,52.67556023597717
1350,0,0,0.0,1,53.39353537559509
1351,0,0,0.0,1,53.39928913116455
1352,0,0,0.0,1,53.441967725753784
1353,0,0,0.0,1,53.448344707489014
1354,0,0,0.0,1,53.46735739707947
1355,0,0,0.0,1,53.515984296798706
1356,0,0,0.0,1,53.5500283241272
1357,0,0,0.0,1,53.59840965270996
1358,0,0,0.0,1,53.60806918144226
1359,0,0,0.0,1,53.640483379364014
1360,0,0,0.0,1,53.70752167701721
1361,0,0,0.0,1,53.71729850769043
1362,0,0,0.0,1,53.74571418762207
1363,0,0,0.0,1,53.75675702095032
1364,0,0,0.0,1,53.80463910102844
1365,0,0,0.0,1,53.8046452999115
1366,0,0,0.0,1,53.83716535568237
1367,0,0,0.0,1,53.85773015022278
1368,0,0,0.0,1,53.91962289810181
1369,0,0,0.0,1,53.93350529670715
1370,0,0,0.0,1,53.95839524269104
1371,0,0,0.0,1,53.99175667762756
1372,0,0,0.0,1,54.02385854721069
1373,0,0,0.0,1,54.03335165977478
1374,0,0,0.0,1,54.086055278778076
1375,0,0,0.0,1,54.09146499633789
1376,0,0,0.0,1,54.12962770462036
1377,0,0,0.0,1,54.15306615829468
1378,0,0,0.0,1,54.18183183670044
1379,0,0,0.0,1,54.22923541069031
1380,0,0,0.0,1,54.28619718551636
1381,0,0,0.0,1,54.31516885757446
1382,0,0,0.0,1,54.338420152664185
1383,0,0,0.0,1,54.3728563785553
1384,0,0,0.0,1,54.378042459487915
1385,0,0,0.0,1,54.40354061126709
1386,0,0,0.0,1,54.42930006980896
1387,0,0,0.0,1,54.44438028335571
1388,0,0,0.0,1,54.53167223930359
1389,0,0,0.0,1,54.568971395492554
1390,0,0,0.0,1,54.574442863464355
1391,0,0,0.0,1,54.60619640350342
1392,0,0,0.0,1,54.61172103881836
1393,0,0,0.0,1,54.64490103721619
1394,0,0,0.0,1,54.6637704372406
1395,0,0,0.0,1,54.69864630699158
1396,0,0,0.0,1,54.736857891082764
1397,0,0,0.0,1,54.76033544540405
1398,0,0,0.0,1,54.84638166427612
1399,0,0,0.0,1,54.87055325508118
